ph,Hardness,Solids,Chloramines,Sulfate,Conductivity,Organic_carbon,Trihalomethanes,Turbidity,Actual_WQI,Actual_Label
7.036752103833548,204.8904554713363,20791.318980747023,7.300211873184757,368.51644134980336,564.3086541722439,10.3797830780847,86.9909704615088,2.9631353806316407,23,Very Poor
8.099124189298397,224.23625939355776,19909.5417322924,9.275883602694089,333.073545745888,418.6062130644815,16.868636929550973,66.42009251176368,3.0559337496641685,43,Poor
7.119824384264552,156.70499334039215,18730.81365334272,3.60603609050572,282.3440504739606,347.71502726194376,15.9295359088257,79.5007783369744,3.445756223321899,58,Moderate
